{
  "accuracy": [
    0.3723905682563782,
    0.5730639696121216,
    0.6464646458625793,
    0.7164983153343201,
    0.7265993356704712,
    0.7481481432914734,
    0.7946127653121948,
    0.8020201921463013,
    0.8087542057037354,
    0.8316498398780823,
    0.8592592477798462,
    0.8619528412818909,
    0.8606060743331909,
    0.867340087890625,
    0.8565656542778015,
    0.870707094669342,
    0.8606060743331909,
    0.8632996678352356,
    0.8518518805503845,
    0.8626262545585632
  ],
  "loss": [
    2.217562198638916,
    1.5030418634414673,
    1.2623276710510254,
    1.0814604759216309,
    1.0223240852355957,
    0.9721710681915283,
    0.8462280631065369,
    0.8151696920394897,
    0.7894637584686279,
    0.7426970601081848,
    0.6817759871482849,
    0.6838487982749939,
    0.6825968623161316,
    0.6913893818855286,
    0.7054417133331299,
    0.6695292592048645,
    0.6914333701133728,
    0.6938067078590393,
    0.6942178010940552,
    0.6873173713684082
  ],
  "val_accuracy": [
    0.5954198241233826,
    0.6870229244232178,
    0.7862595319747925,
    0.8396946787834167,
    0.8549618124961853,
    0.8702290058135986,
    0.9007633328437805,
    0.8969465494155884,
    0.9160305261611938,
    0.9236640930175781,
    0.9236640930175781,
    0.927480936050415,
    0.9236640930175781,
    0.927480936050415,
    0.9312977194786072,
    0.927480936050415,
    0.9312977194786072,
    0.927480936050415,
    0.927480936050415,
    0.9312977194786072
  ],
  "val_loss": [
    1.328433632850647,
    1.0665102005004883,
    0.8726398348808289,
    0.7314677834510803,
    0.7325887084007263,
    0.6788368225097656,
    0.6406060457229614,
    0.6379345655441284,
    0.5917195677757263,
    0.587343692779541,
    0.572221040725708,
    0.5640782117843628,
    0.5671019554138184,
    0.5625580549240112,
    0.5613539218902588,
    0.5616829991340637,
    0.5606928467750549,
    0.5614335536956787,
    0.5648107528686523,
    0.5609617233276367
  ],
  "learning_rate": [
    0.0005000000237487257,
    0.0005000000237487257,
    0.0005000000237487257,
    0.0005000000237487257,
    0.0005000000237487257,
    0.0005000000237487257,
    0.0005000000237487257,
    0.0005000000237487257,
    0.0005000000237487257,
    0.0005000000237487257
  ]
}